Артикул;Материал;Облицовка[L1];Облицовка[L2];Облицовка[W1];Облицовка[W2];Код детали;Наименование;Количество;Текстура;Ориентация в WoodNEST;Длина;Ширина;Толщина;Сторона;Две программы;Заказ;Путь;Позиция;Артикул изделия;Наименование изделия;Имя файла;Проект;Толщина облицовки кромки [L1];Толщина облицовки кромки [L2];Толщина облицовки кромки [W1];Толщина облицовки кромки [W2];Пластик (лицевая);Пластик (лицевая) артикул;Пластик (нелицевая);Пластик (нелицевая) артикул;Краска;Форма;Пазы;Отверстия в пласть;Отверстия в торец;Блок;псто;Кромка
MDF Egr 22 1x MB;МДФ, EGR, 22, 1x, MB, Белый;  ;  ;  ;  ;7089_14011.920;ПФ ~‡ ~µ~₰‹ПФ, фасад, T-KOMBI, x2, (22);1;X;1;2397;450;22;Нелицевая;2;7089_14011;\7089_14011_920_H1_2397x450x22__O;920;14011;7089_14011;7089_14011_920_H1_2397x450x22__O;14011;;;;;;;;;NCS S 0500-N/580;1;ЛНУ||FANT_CONTOUR||U_V 3.2x4мм||фаска мдф 1х1||OMM, выпрямитель, паз, 11.5х9;2;0;А;;0
MDF Egr 22 1x MB;МДФ, EGR, 22, 1x, MB, Белый;  ;  ;  ;  ;7089_14011.919;ПФ ~‡ ~µ~₰‹ПФ, фасад, T-KOMBI, x2, (22);1;X;1;2397;450.5;22;Нелицевая;2;7089_14011;\7089_14011_919_H1_2397x451x22__O;919;14011;7089_14011;7089_14011_919_H1_2397x451x22__O;14011;;;;;;;;;NCS S 0500-N/580;1;ЛНУ||FANT_CONTOUR||U_V 3.2x4мм||фаска мдф 1х1||OMM, выпрямитель, паз, 11.5х9;2;0;Д;;0
MDF Egr 22 1x MB;МДФ, EGR, 22, 1x, MB, Белый;  ;  ;  ;  ;7089_14011.918;ПФ ~‡ ~µ~₰‹ПФ, фасад, T-KOMBI, x2, (22);1;X;1;2397;450.5;22;Нелицевая;2;7089_14011;\7089_14011_918_H1_2397x450x22__O;918;14011;7089_14011;7089_14011_918_H1_2397x450x22__O;14011;;;;;;;;;NCS S 0500-N/580;1;ЛНУ||FANT_CONTOUR||U_V 3.2x4мм||фаска мдф 1х1||OMM, выпрямитель, паз, 11.5х9;2;0;Д;;0
MDF Egr 22 1x MB;МДФ, EGR, 22, 1x, MB, Белый;  ;  ;  ;  ;7089_14011.208;BLENDA, IUI T ~‡ ~µ;3;Y;2;193;80;22;Нелицевая;2;7089_14011;\7089_14011_208_H1_193x80x22__O;208;14011;7089_14011;7089_14011_208_H1_193x80x22__O;14011;;;;;;;;;NCS S 0500-N/580, 2Х + лак для столешниц;1;ЛНУ;2;0;Р;;0
MDF Egr 22 1x MB;МДФ, EGR, 22, 1x, MB, Белый;  ;  ;  ;  ;7089_14011.207;M2_R_YPAK, фасад, T-0 (22) ~‡ ~µ;1;;;481.444;50;22;Нелицевая;2;7089_14011;\7089_14011_207_H1_481x50x22__O;207;14011;7089_14011;7089_14011_207_H1_481x50x22__O;14011;;;;;;;;;NCS S 0500-N/580;1;ЛНУ;2;0;Б;;0
MDF Egr 22 1x MB;МДФ, EGR, 22, 1x, MB, Белый;  ;  ;  ;  ;7089_14011.206;M2_R_YPAK, фасад, T-0 (22) ~‡ ~µ;1;;;450;98;22;Нелицевая;2;7089_14011;\7089_14011_206_H1_450x98x22__O;206;14011;7089_14011;7089_14011_206_H1_450x98x22__O;14011;;;;;;;;;NCS S 0500-N/580;1;ЛНУ||фаска мдф 1х1;2;0;А;;0
MDF Egr 22 1x MB;МДФ, EGR, 22, 1x, MB, Белый;  ;  ;  ;  ;7089_14011.205;M2_R_YPAK, фасад, T-0 (22) ~‡ ~µ;1;;;953.948;50;22;Нелицевая;2;7089_14011;\7089_14011_205_H1_954x50x22__O;205;14011;7089_14011;7089_14011_205_H1_954x50x22__O;14011;;;;;;;;;NCS S 0500-N/580;1;ЛНУ;2;0;Г;;0
MDF Egr 22 1x MB;МДФ, EGR, 22, 1x, MB, Белый;  ;  ;  ;  ;7089_14011.204;M2_R_YPAK, фасад, T-0 (22) ~‡ ~µ;1;;;1394.188;50;22;Нелицевая;2;7089_14011;\7089_14011_204_H1_1394x50x22__O;204;14011;7089_14011;7089_14011_204_H1_1394x50x22__O;14011;;;;;;;;;NCS S 0500-N/580;1;ЛНУ;2;0;В;;0
MDF Egr 22 1x MB;МДФ, EGR, 22, 1x, MB, Белый;  ;  ;  ;  ;7089_14011.203;M2_R_YPAK, фасад, T-0 (22) ~‡ ~µ;1;;;904;98;22;Нелицевая;2;7089_14011;\7089_14011_203_H1_904x98x22__O;203;14011;7089_14011;7089_14011_203_H1_904x98x22__O;14011;;;;;;;;;NCS S 0500-N/580;1;ЛНУ||фаска мдф 1х1;2;0;Д;;0
MDF Egr 22 1x MB;МДФ, EGR, 22, 1x, MB, Белый;  ;  ;  ;  ;7089_14011.202;M2_R_YPAK, фасад, T-23, obv-20 ~‡ ~µ;1;Y;2;450.5;218.599;22;Нелицевая;2;7089_14011;\7089_14011_202_H1_450x219x22__O;202;14011;7089_14011;7089_14011_202_H1_450x219x22__O;14011;;;;;;;;;NCS S 0500-N/580;1;ЛНУ;2;0;Г;;0
MDF Egr 22 1x MB;МДФ, EGR, 22, 1x, MB, Белый;  ;  ;  ;  ;7089_14011.201;BLENDA, IUI T ~‡ ~µ;3;X;1;553;193;22;Лицевая;2;7089_14011;\7089_14011_201_H1_553x193x22__L;201;14011;7089_14011;7089_14011_201_H1_553x193x22__L;14011;;;;;;;;;NCS S 0500-N/580, 2Х + лак для столешниц;1;ЛНУ||LED, 1506, паз, 15.7х6.5, заподлицо;1;1;Р;;0
MDF Egr 22 1x MB;МДФ, EGR, 22, 1x, MB, Белый;  ;  ;  ;  ;7089_14011.200;M2_R_YPAK, фасад, T-23, obv-20 ~‡ ~µ;1;Y;2;450.5;349.389;22;Нелицевая;2;7089_14011;\7089_14011_200_H1_451x349x22__O;200;14011;7089_14011;7089_14011_200_H1_451x349x22__O;14011;;;;;;;;;NCS S 0500-N/580;1;ЛНУ||Спил под угол 45, Со смещением 16, Покрасить;2;0;Г;;0
MDF Egr 22 1x MB;МДФ, EGR, 22, 1x, MB, Белый;  ;  ;  ;  ;7089_14011.199;M2_R_YPAK, фасад, T-23, obv-20 ~‡ ~µ;1;Y;2;662;546.368;22;Нелицевая;2;7089_14011;\7089_14011_199_H1_662x546x22__O;199;14011;7089_14011;7089_14011_199_H1_662x546x22__O;14011;;;;;;;;;NCS S 0500-N/580;1;ЛНУ||Спил под угол 45, Со смещением 16, Покрасить;2;0;В;;0
MDF Egr 22 1x MB;МДФ, EGR, 22, 1x, MB, Белый;  ;  ;  ;  ;7089_14011.198;M2_R_YPAK, фасад, T-23, obv-20 ~‡ ~µ;1;X;1;873.993;450;22;Нелицевая;2;7089_14011;\7089_14011_198_H1_874x450x22__O;198;14011;7089_14011;7089_14011_198_H1_874x450x22__O;14011;;;;;;;;;NCS S 0500-N/580;1;ЛНУ||Спил под угол 45, Со смещением 16, Покрасить;2;0;Б;;0
MDF Egr 22 1x MB;МДФ, EGR, 22, 1x, MB, Белый;  ;  ;  ;  ;7089_14011.197;M2_R_YPAK, фасад, T-23, obv-20 ~‡ ~µ;1;X;1;738.156;662;22;Нелицевая;2;7089_14011;\7089_14011_197_H1_738x662x22__O;197;14011;7089_14011;7089_14011_197_H1_738x662x22__O;14011;;;;;;;;;NCS S 0500-N/580;1;ЛНУ||Спил под угол 45, Со смещением 16, Покрасить;2;0;В;;0
MDF Egr 19 1x MB;МДФ, EGR, 19, 1x, MB, Белый;  ;  ;  ;  ;7089_14011.155;M2_R_YPAK, фасад, T-0 (19) ~‡ ~µ;1;;;146.484;100;19;Нелицевая;2;7089_14011;\7089_14011_155_H1_146x100x19__O;155;14011;7089_14011;7089_14011_155_H1_146x100x19__O;14011;;;;;;;;;NCS S 0500-N/580;1;ЛНУ||фаска мдф 1х1||Спил 16,1;1;0;Г;;0
MDF Egr 19 1x MB;МДФ, EGR, 19, 1x, MB, Белый;  ;  ;  ;  ;7089_14011.154;M1_R_YPAK, BLENDA, G25 ~‡ ~µ;1;X;1;939.301;100;19;Нелицевая;2;7089_14011;\7089_14011_154_H1_939x100x19__O;154;14011;7089_14011;7089_14011_154_H1_939x100x19__O;14011;;;;;;;;;NCS S 0500-N/580;1;фаска мдф 1х1||ЛНУ||Спил 16,1;1;0;Б;;0
MDF Egr 19 1x MB;МДФ, EGR, 19, 1x, MB, Белый;  ;  ;  ;  ;7089_14011.153;M2_R_YPAK, фасад, T-0 (19) ~‡ ~µ;1;;;2498;100;19;Нелицевая;2;7089_14011;\7089_14011_153_H1_2498x100x19__O;153;14011;7089_14011;7089_14011_153_H1_2498x100x19__O;14011;;;;;;;;;NCS S 0500-N/580;1;ЛНУ||фаска мдф 1х1;1;0;Д;;0
MDF Egr 19 1x MB;МДФ, EGR, 19, 1x, MB, Белый;  ;  ;  ;  ;7089_14011.152;M1_R_YPAK, BLENDA, G25 ~‡ ~µ;1;X;1;2498;100;19;Нелицевая;2;7089_14011;\7089_14011_152_H1_2498x100x19__O;152;14011;7089_14011;7089_14011_152_H1_2498x100x19__O;14011;;;;;;;;;NCS S 0500-N/580;1;фаска мдф 1х1||ЛНУ;1;0;А;;0
;ШпПн, 12мм, 2X, (ЦВЕТ 1), (из заготовки);  ;КРОМКА, ШПОН, 1х22, DUNA, 605c, (к22)  КРМК ШПОН 1х22 DUNA 605c;  ;КРОМКА, ШПОН, 1х22, DUNA, 605c, (к22)  КРМК ШПОН 1х22 DUNA 605c;7089_14011.287;Z_ZAG-A_A_12__Панель;1;Y;2;199;80;12;Лицевая;;7089_14011;\7089_14011_287_H2_199x80x12__L;287;14011;7089_14011;7089_14011_287_H2_199x80x12__L;14011;;0;;0;;;;;Интернациональная 1, морилка 4. 2Х;0;0;-;1;С;;1
;ШпПн, 12мм, 2X, (ЦВЕТ 1), (из заготовки);  ;КРОМКА, ШПОН, 1х22, DUNA, 605c, (к22)  КРМК ШПОН 1х22 DUNA 605c;  ;КРОМКА, ШПОН, 1х22, DUNA, 605c, (к22)  КРМК ШПОН 1х22 DUNA 605c;7089_14011.286;Z_ZAG-A_A_9__Панель;1;Y;2;199;80;12;Лицевая;;7089_14011;\7089_14011_286_H2_199x80x12__L;286;14011;7089_14011;7089_14011_286_H2_199x80x12__L;14011;;0;;0;;;;;Интернациональная 1, морилка 4. 2Х;0;0;-;1;С;;1
;ШпПн, 12мм, 2X, (ЦВЕТ 1), (из заготовки);  ;КРОМКА, ШПОН, 1х22, DUNA, 605c, (к22)  КРМК ШПОН 1х22 DUNA 605c;  ;КРОМКА, ШПОН, 1х22, DUNA, 605c, (к22)  КРМК ШПОН 1х22 DUNA 605c;7089_14011.285;Z_ZAG-A_A_14__Панель;1;Y;2;199;80;12;Лицевая;;7089_14011;\7089_14011_285_H2_199x80x12__L;285;14011;7089_14011;7089_14011_285_H2_199x80x12__L;14011;;0;;0;;;;;Интернациональная 1, морилка 4. 2Х;0;0;-;1;С;;1
;ШпПн, 12мм, 2X, (ЦВЕТ 1), (из заготовки);  ;КРОМКА, ШПОН, 1х22, DUNA, 605c, (к22)  КРМК ШПОН 1х22 DUNA 605c;  ;КРОМКА, ШПОН, 1х22, DUNA, 605c, (к22)  КРМК ШПОН 1х22 DUNA 605c;7089_14011.284;Z_ZAG-A_A_13__Панель;1;Y;2;199;80;12;Лицевая;;7089_14011;\7089_14011_284_H2_199x80x12__L;284;14011;7089_14011;7089_14011_284_H2_199x80x12__L;14011;;0;;0;;;;;Интернациональная 1, морилка 4. 2Х;0;0;-;1;С;;1
;ШпПн, 12мм, 2X, (ЦВЕТ 1), (из заготовки);  ;КРОМКА, ШПОН, 1х22, DUNA, 605c, (к22)  КРМК ШПОН 1х22 DUNA 605c;  ;КРОМКА, ШПОН, 1х22, DUNA, 605c, (к22)  КРМК ШПОН 1х22 DUNA 605c;7089_14011.283;Z_ZAG-A_A_16__Панель;1;Y;2;199;80;12;Лицевая;;7089_14011;\7089_14011_283_H2_199x80x12__L;283;14011;7089_14011;7089_14011_283_H2_199x80x12__L;14011;;0;;0;;;;;Интернациональная 1, морилка 4. 2Х;0;0;-;1;С;;1
;ШпПн, 12мм, 2X, (ЦВЕТ 1), (из заготовки);  ;КРОМКА, ШПОН, 1х22, DUNA, 605c, (к22)  КРМК ШПОН 1х22 DUNA 605c;  ;КРОМКА, ШПОН, 1х22, DUNA, 605c, (к22)  КРМК ШПОН 1х22 DUNA 605c;7089_14011.282;Z_ZAG-A_A_15__Панель;1;Y;2;199;80;12;Лицевая;;7089_14011;\7089_14011_282_H2_199x80x12__L;282;14011;7089_14011;7089_14011_282_H2_199x80x12__L;14011;;0;;0;;;;;Интернациональная 1, морилка 4. 2Х;0;0;-;1;С;;1
;ШпПн, 12мм, 2X, (ЦВЕТ 1), (из заготовки);  ;КРОМКА, ШПОН, 1х22, DUNA, 605c, (к22)  КРМК ШПОН 1х22 DUNA 605c;  ;КРОМКА, ШПОН, 1х22, DUNA, 605c, (к22)  КРМК ШПОН 1х22 DUNA 605c;7089_14011.281;Z_ZAG-A_A_11__Панель;1;Y;2;199;80;12;Лицевая;;7089_14011;\7089_14011_281_H2_199x80x12__L;281;14011;7089_14011;7089_14011_281_H2_199x80x12__L;14011;;0;;0;;;;;Интернациональная 1, морилка 4. 2Х;0;0;-;1;С;;1
;ШпПн, 12мм, 2X, (ЦВЕТ 1), (из заготовки);  ;КРОМКА, ШПОН, 1х22, DUNA, 605c, (к22)  КРМК ШПОН 1х22 DUNA 605c;  ;КРОМКА, ШПОН, 1х22, DUNA, 605c, (к22)  КРМК ШПОН 1х22 DUNA 605c;7089_14011.280;Z_ZAG-A_A_17__Панель;1;Y;2;199;80;12;Лицевая;;7089_14011;\7089_14011_280_H2_199x80x12__L;280;14011;7089_14011;7089_14011_280_H2_199x80x12__L;14011;;0;;0;;;;;Интернациональная 1, морилка 4. 2Х;0;0;-;1;С;;1
;ШпПн, 12мм, 2X, (ЦВЕТ 1), (из заготовки);  ;КРОМКА, ШПОН, 1х22, DUNA, 605c, (к22)  КРМК ШПОН 1х22 DUNA 605c;  ;КРОМКА, ШПОН, 1х22, DUNA, 605c, (к22)  КРМК ШПОН 1х22 DUNA 605c;7089_14011.279;Z_ZAG-A_A_18__Панель;1;Y;2;199;80;12;Лицевая;;7089_14011;\7089_14011_279_H2_199x80x12__L;279;14011;7089_14011;7089_14011_279_H2_199x80x12__L;14011;;0;;0;;;;;Интернациональная 1, морилка 4. 2Х;0;0;-;1;С;;1
;ШпПн, 12мм, 2X, (ЦВЕТ 1), (из заготовки);  ;КРОМКА, ШПОН, 1х22, DUNA, 605c, (к22)  КРМК ШПОН 1х22 DUNA 605c;  ;КРОМКА, ШПОН, 1х22, DUNA, 605c, (к22)  КРМК ШПОН 1х22 DUNA 605c;7089_14011.278;Z_ZAG-A_A_2__Панель;1;Y;2;199;80;12;Лицевая;;7089_14011;\7089_14011_278_H2_199x80x12__L;278;14011;7089_14011;7089_14011_278_H2_199x80x12__L;14011;;0;;0;;;;;Интернациональная 1, морилка 4. 2Х;0;0;-;1;С;;1
;ШпПн, 12мм, 2X, (ЦВЕТ 1), (из заготовки);  ;КРОМКА, ШПОН, 1х22, DUNA, 605c, (к22)  КРМК ШПОН 1х22 DUNA 605c;  ;КРОМКА, ШПОН, 1х22, DUNA, 605c, (к22)  КРМК ШПОН 1х22 DUNA 605c;7089_14011.277;Z_ZAG-A_A_7__Панель;1;Y;2;199;80;12;Лицевая;;7089_14011;\7089_14011_277_H2_199x80x12__L;277;14011;7089_14011;7089_14011_277_H2_199x80x12__L;14011;;0;;0;;;;;Интернациональная 1, морилка 4. 2Х;0;0;-;1;С;;1
;ШпПн, 12мм, 2X, (ЦВЕТ 1), (из заготовки);  ;КРОМКА, ШПОН, 1х22, DUNA, 605c, (к22)  КРМК ШПОН 1х22 DUNA 605c;  ;КРОМКА, ШПОН, 1х22, DUNA, 605c, (к22)  КРМК ШПОН 1х22 DUNA 605c;7089_14011.276;Z_ZAG-A_A_1__Панель;1;Y;2;199;80;12;Лицевая;;7089_14011;\7089_14011_276_H2_199x80x12__L;276;14011;7089_14011;7089_14011_276_H2_199x80x12__L;14011;;0;;0;;;;;Интернациональная 1, морилка 4. 2Х;0;0;-;1;С;;1
;ШпПн, 12мм, 2X, (ЦВЕТ 1), (из заготовки);  ;КРОМКА, ШПОН, 1х22, DUNA, 605c, (к22)  КРМК ШПОН 1х22 DUNA 605c;  ;КРОМКА, ШПОН, 1х22, DUNA, 605c, (к22)  КРМК ШПОН 1х22 DUNA 605c;7089_14011.275;Z_ZAG-A_A_8__Панель;1;Y;2;199;80;12;Лицевая;;7089_14011;\7089_14011_275_H2_199x80x12__L;275;14011;7089_14011;7089_14011_275_H2_199x80x12__L;14011;;0;;0;;;;;Интернациональная 1, морилка 4. 2Х;0;0;-;1;С;;1
;ШпПн, 12мм, 2X, (ЦВЕТ 1), (из заготовки);  ;КРОМКА, ШПОН, 1х22, DUNA, 605c, (к22)  КРМК ШПОН 1х22 DUNA 605c;  ;КРОМКА, ШПОН, 1х22, DUNA, 605c, (к22)  КРМК ШПОН 1х22 DUNA 605c;7089_14011.274;Z_ZAG-A_A_10__Панель;1;Y;2;199;80;12;Лицевая;;7089_14011;\7089_14011_274_H2_199x80x12__L;274;14011;7089_14011;7089_14011_274_H2_199x80x12__L;14011;;0;;0;;;;;Интернациональная 1, морилка 4. 2Х;0;0;-;1;С;;1
;ШпПн, 12мм, 2X, (ЦВЕТ 1), (из заготовки);  ;КРОМКА, ШПОН, 1х22, DUNA, 605c, (к22)  КРМК ШПОН 1х22 DUNA 605c;  ;КРОМКА, ШПОН, 1х22, DUNA, 605c, (к22)  КРМК ШПОН 1х22 DUNA 605c;7089_14011.273;Z_ZAG-A_A_5__Панель;1;Y;2;199;80;12;Лицевая;;7089_14011;\7089_14011_273_H2_199x80x12__L;273;14011;7089_14011;7089_14011_273_H2_199x80x12__L;14011;;0;;0;;;;;Интернациональная 1, морилка 4. 2Х;0;0;-;1;С;;1
;ШпПн, 12мм, 2X, (ЦВЕТ 1), (из заготовки);  ;КРОМКА, ШПОН, 1х22, DUNA, 605c, (к22)  КРМК ШПОН 1х22 DUNA 605c;  ;КРОМКА, ШПОН, 1х22, DUNA, 605c, (к22)  КРМК ШПОН 1х22 DUNA 605c;7089_14011.272;Z_ZAG-A_A_6__Панель;1;Y;2;199;80;12;Лицевая;;7089_14011;\7089_14011_272_H2_199x80x12__L;272;14011;7089_14011;7089_14011_272_H2_199x80x12__L;14011;;0;;0;;;;;Интернациональная 1, морилка 4. 2Х;0;0;-;1;С;;1
;ШпПн, 12мм, 2X, (ЦВЕТ 1), (из заготовки);  ;КРОМКА, ШПОН, 1х22, DUNA, 605c, (к22)  КРМК ШПОН 1х22 DUNA 605c;  ;КРОМКА, ШПОН, 1х22, DUNA, 605c, (к22)  КРМК ШПОН 1х22 DUNA 605c;7089_14011.271;Z_ZAG-A_A_3__Панель;1;Y;2;199;80;12;Лицевая;;7089_14011;\7089_14011_271_H2_199x80x12__L;271;14011;7089_14011;7089_14011_271_H2_199x80x12__L;14011;;0;;0;;;;;Интернациональная 1, морилка 4. 2Х;0;0;-;1;С;;1
;ШпПн, 12мм, 2X, (ЦВЕТ 1), (из заготовки);  ;КРОМКА, ШПОН, 1х22, DUNA, 605c, (к22)  КРМК ШПОН 1х22 DUNA 605c;  ;КРОМКА, ШПОН, 1х22, DUNA, 605c, (к22)  КРМК ШПОН 1х22 DUNA 605c;7089_14011.270;Z_ZAG-A_A_4__Панель;1;Y;2;199;80;12;Лицевая;;7089_14011;\7089_14011_270_H2_199x80x12__L;270;14011;7089_14011;7089_14011_270_H2_199x80x12__L;14011;;0;;0;;;;;Интернациональная 1, морилка 4. 2Х;0;0;-;1;С;;1
ДСП BS 10 605_SM;ДСП, BS, 10, 605_SM, Белый;  ;  ;  ;  ;7089_14011.237;дно тандем;1;X;1;710;272;10;Лицевая;;7089_14011;\7089_14011_237_H2_710x272x10__L;237;14011;7089_14011;7089_14011_237_H2_710x272x10__L;14011;;;;;;;;;;0;0;1;1;Л;;0
ДСП BS 10 605_SM;ДСП, BS, 10, 605_SM, Белый;  ;  ;  ;  ;7089_14011.236;дно тандем;2;Y;2;472;448;10;Лицевая;;7089_14011;\7089_14011_236_H2_472x448x10__L;236;14011;7089_14011;7089_14011_236_H2_472x448x10__L;14011;;;;;;;;;;0;0;1;1;С;;0
MDF Egr 10 0x MB;МДФ, EGR, 10, 0x, MB, Шлиф.;  ;  ;  ;  ;7089_14011.231.;Основа для заготовки ~µ~₰908₰;1;X;1;1589;229;10;Лицевая;;7089_14011;\7089_14011_231._H2_1589x229x10__L;231.;14011;7089_14011;7089_14011_231._H2_1589x229x10__L;14011;;;;;;;;;;0;0;-;0;;;0
;ШпПн, 20мм, 2X, (ЦВЕТ 1), (из заготовки);КРОМКА, ШПОН, 1х22, DUNA, 605c, (к22)  КРМК ШПОН 1х22 DUNA 605c;КРОМКА, ШПОН, 1х22, DUNA, 605c, (к22)  КРМК ШПОН 1х22 DUNA 605c;КРОМКА, ШПОН, 1х22, DUNA, 605c, (к22)  КРМК ШПОН 1х22 DUNA 605c;КРОМКА, ШПОН, 1х22, DUNA, 605c, (к22)  КРМК ШПОН 1х22 DUNA 605c;7089_14011.224;Z_ZAG-I_I_5__Панель;1;X;1;538;89;20;Лицевая;;7089_14011;\7089_14011_224_H2_538x89x20__L;224;14011;7089_14011;7089_14011_224_H2_538x89x20__L;14011;0;0;0;0;;;;;Интернациональная 1, морилка 4. 2Х;0;0;1;0;С;;1
;ШпПн, 20мм, 2X, (ЦВЕТ 1), (из заготовки);КРОМКА, ШПОН, 1х22, DUNA, 605c, (к22)  КРМК ШПОН 1х22 DUNA 605c;КРОМКА, ШПОН, 1х22, DUNA, 605c, (к22)  КРМК ШПОН 1х22 DUNA 605c;КРОМКА, ШПОН, 1х22, DUNA, 605c, (к22)  КРМК ШПОН 1х22 DUNA 605c;КРОМКА, ШПОН, 1х22, DUNA, 605c, (к22)  КРМК ШПОН 1х22 DUNA 605c;7089_14011.223;Z_ZAG-I_I_4__Панель;1;X;1;538;89;20;Лицевая;;7089_14011;\7089_14011_223_H2_538x89x20__L;223;14011;7089_14011;7089_14011_223_H2_538x89x20__L;14011;0;0;0;0;;;;;Интернациональная 1, морилка 4. 2Х;0;0;1;0;С;;1
;ШпПн, 20мм, 2X, (ЦВЕТ 1), (из заготовки);КРОМКА, ШПОН, 1х22, DUNA, 605c, (к22)  КРМК ШПОН 1х22 DUNA 605c;КРОМКА, ШПОН, 1х22, DUNA, 605c, (к22)  КРМК ШПОН 1х22 DUNA 605c;КРОМКА, ШПОН, 1х22, DUNA, 605c, (к22)  КРМК ШПОН 1х22 DUNA 605c;КРОМКА, ШПОН, 1х22, DUNA, 605c, (к22)  КРМК ШПОН 1х22 DUNA 605c;7089_14011.222;Z_ZAG-I_I_3__Панель;1;X;1;790;88;20;Лицевая;;7089_14011;\7089_14011_222_H2_790x88x20__L;222;14011;7089_14011;7089_14011_222_H2_790x88x20__L;14011;0;0;0;0;;;;;Интернациональная 1, морилка 4. 2Х;0;0;1;0;Л;;1
;ШпПн, 20мм, 2X, (ЦВЕТ 1), (из заготовки);КРОМКА, ШПОН, 1х22, DUNA, 605c, (к22)  КРМК ШПОН 1х22 DUNA 605c;КРОМКА, ШПОН, 1х22, DUNA, 605c, (к22)  КРМК ШПОН 1х22 DUNA 605c;КРОМКА, ШПОН, 1х22, DUNA, 605c, (к22)  КРМК ШПОН 1х22 DUNA 605c;КРОМКА, ШПОН, 1х22, DUNA, 605c, (к22)  КРМК ШПОН 1х22 DUNA 605c;7089_14011.221;Z_ZAG-I_I_1__Панель ~HRZ;1;X;1;589;173;20;Лицевая;;7089_14011;\7089_14011_221_H2_589x173x20__L;221;14011;7089_14011;7089_14011_221_H2_589x173x20__L;14011;0;0;0;0;;;;;Интернациональная 1, морилка 4. 2Х;1;0;1;0;К;;1
;ШпПн, 20мм, 2X, (ЦВЕТ 1), (из заготовки);КРОМКА, ШПОН, 1х22, DUNA, 605c, (к22)  КРМК ШПОН 1х22 DUNA 605c;  ;  ;  ;7089_14011.220;Z_ZAG-I_I_7__Панель ~µ ~HRZ;1;X;1;1290;200;20;Лицевая;;7089_14011;\7089_14011_220_H2_1290x200x20__L;220;14011;7089_14011;7089_14011_220_H2_1290x200x20__L;14011;0;;;;;;;;Интернациональная 1, морилка 4. 2Х;0;LED, 1506, паз, 15.7х6.5, заподлицо;1;1;С;проконтролировать паз под подсветку заподлицо;1
;ШпПн, 20мм, 2X, (ЦВЕТ 1), (из заготовки);КРОМКА, ШПОН, 1х22, DUNA, 605c, (к22)  КРМК ШПОН 1х22 DUNA 605c;  ;  ;  ;7089_14011.219;Z_ZAG-I_I_8__Панель ~µ ~HRZ;1;X;1;1290;200;20;Лицевая;;7089_14011;\7089_14011_219_H2_1290x200x20__L;219;14011;7089_14011;7089_14011_219_H2_1290x200x20__L;14011;0;;;;;;;;Интернациональная 1, морилка 4. 2Х;0;LED, 1506, паз, 15.7х6.5, заподлицо;1;1;С;проконтролировать паз под подсветку заподлицо;1
;ШпПн, 20мм, 2X, (ЦВЕТ 1), (из заготовки);КРОМКА, ШПОН, 1х22, DUNA, 605c, (к22)  КРМК ШПОН 1х22 DUNA 605c;  ;  ;  ;7089_14011.218;Z_ZAG-I_I_6__Панель ~µ ~HRZ;1;X;1;1290;200;20;Лицевая;;7089_14011;\7089_14011_218_H2_1290x200x20__L;218;14011;7089_14011;7089_14011_218_H2_1290x200x20__L;14011;0;;;;;;;;Интернациональная 1, морилка 4. 2Х;0;LED, 1506, паз, 15.7х6.5, заподлицо;1;1;С;проконтролировать паз под подсветку заподлицо;1
;ШпПн, 20мм, 2X, (ЦВЕТ 1), (из заготовки);КРОМКА, ШПОН, 1х22, DUNA, 605c, (к22)  КРМК ШПОН 1х22 DUNA 605c;КРОМКА, ШПОН, 1х22, DUNA, 605c, (к22)  КРМК ШПОН 1х22 DUNA 605c;КРОМКА, ШПОН, 1х22, DUNA, 605c, (к22)  КРМК ШПОН 1х22 DUNA 605c;КРОМКА, ШПОН, 1х22, DUNA, 605c, (к22)  КРМК ШПОН 1х22 DUNA 605c;7089_14011.217;Z_ZAG-I_I_2__Панель ~HRZ;1;X;1;2068;173;20;Лицевая;;7089_14011;\7089_14011_217_H2_2068x173x20__L;217;14011;7089_14011;7089_14011_217_H2_2068x173x20__L;14011;0;0;0;0;;;;;Интернациональная 1, морилка 4. 2Х;1;0;1;0;К;;1
;ШпПн, 39мм, 2X, (ЦВЕТ 1), (из заготовки);КРОМКА, ШПОН, 1х42, DUNA, 605c, (к22)  КРМК ШПОН 1х42 DUNA 605c;КРОМКА, ШПОН, 1х42, DUNA, 605c, (к22)  КРМК ШПОН 1х42 DUNA 605c;  ;  ;7089_14011.216;Z_ZAG-K_K_2__Панель;1;X;1;2665;129;39;Лицевая;;7089_14011;\7089_14011_216_H2_2665x129x39__L;216;14011;7089_14011;7089_14011_216_H2_2665x129x39__L;14011;0;0;;;;;;;Интернациональная 1, морилка 4. 2Х;0;0;1;0;К;;1
;ШпПн, 39мм, 2X, (ЦВЕТ 1), (из заготовки);КРОМКА, ШПОН, 1х42, DUNA, 605c, (к22)  КРМК ШПОН 1х42 DUNA 605c;КРОМКА, ШПОН, 1х42, DUNA, 605c, (к22)  КРМК ШПОН 1х42 DUNA 605c;КРОМКА, ШПОН, 1х42, DUNA, 605c, (к22)  КРМК ШПОН 1х42 DUNA 605c;КРОМКА, ШПОН, 1х42, DUNA, 605c, (к22)  КРМК ШПОН 1х42 DUNA 605c;7089_14011.215;Z_ZAG-K_K_1__Панель ~‡ ~µ ~HRZ;1;X;1;1260;324;39;Лицевая;;7089_14011;\7089_14011_215_H2_1260x324x39__L;215;14011;7089_14011;7089_14011_215_H2_1260x324x39__L;14011;0;0;0;0;;;;;Интернациональная 1, морилка 4. 2Х;0;Выемка G13||выемка 13;1;1;К;;1
;ШпПн, 39мм, 1X, (ЦВЕТ 1), (из заготовки);КРОМКА, ШПОН, 1х42, DUNA, 605c, (к22)  КРМК ШПОН 1х42 DUNA 605c;КРОМКА, ШПОН, 1х42, DUNA, 605c, (к22)  КРМК ШПОН 1х42 DUNA 605c;КРОМКА, ШПОН, 1х42, DUNA, 605c, (к22)  КРМК ШПОН 1х42 DUNA 605c;КРОМКА, ШПОН, 1х42, DUNA, 605c, (к22)  КРМК ШПОН 1х42 DUNA 605c;7089_14011.156;Z_ZAG-J_J_1__Панель ~‡ ~µ ~HRZ;1;X;1;1280;694;39;Лицевая;;7089_14011;\7089_14011_156_H2_1280x694x39__L;156;14011;7089_14011;7089_14011_156_H2_1280x694x39__L;14011;0;0;0;0;;;;;Интернациональная 1, морилка 4.;0;Выемка G13||выемка 13;2;1;К;;1
;ШпПн, 20мм, 1X, (ЦВЕТ 1), (из заготовки);КРОМКА, ШПОН, 1х22, DUNA, 605c, (к22)  КРМК ШПОН 1х22 DUNA 605c;КРОМКА, ШПОН, 1х22, DUNA, 605c, (к22)  КРМК ШПОН 1х22 DUNA 605c;КРОМКА, ШПОН, 1х22, DUNA, 605c, (к22)  КРМК ШПОН 1х22 DUNA 605c;КРОМКА, ШПОН, 1х22, DUNA, 605c, (к22)  КРМК ШПОН 1х22 DUNA 605c;7089_14011.106;Z_ZAG-L_L_2__Панель;1;X;1;543;194;20;Лицевая;;7089_14011;\7089_14011_106_H2_543x194x20__L;106;14011;7089_14011;7089_14011_106_H2_543x194x20__L;14011;0;0;0;0;;;;;Интернациональная 1, морилка 4.;0;0;1;0;К;;1
;ШпПн, 20мм, 1X, (ЦВЕТ 1), (из заготовки);КРОМКА, ШПОН, 1х22, DUNA, 605c, (к22)  КРМК ШПОН 1х22 DUNA 605c;КРОМКА, ШПОН, 1х22, DUNA, 605c, (к22)  КРМК ШПОН 1х22 DUNA 605c;КРОМКА, ШПОН, 1х22, DUNA, 605c, (к22)  КРМК ШПОН 1х22 DUNA 605c;КРОМКА, ШПОН, 1х22, DUNA, 605c, (к22)  КРМК ШПОН 1х22 DUNA 605c;7089_14011.105;Z_ZAG-L_L_3__Панель;1;X;1;674;194;20;Лицевая;;7089_14011;\7089_14011_105_H2_674x194x20__L;105;14011;7089_14011;7089_14011_105_H2_674x194x20__L;14011;0;0;0;0;;;;;Интернациональная 1, морилка 4.;0;0;1;1;К;;1
;ШпПн, 20мм, 1X, (ЦВЕТ 1), (из заготовки);КРОМКА, ШПОН, 1х22, DUNA, 605c, (к22)  КРМК ШПОН 1х22 DUNA 605c;КРОМКА, ШПОН, 1х22, DUNA, 605c, (к22)  КРМК ШПОН 1х22 DUNA 605c;КРОМКА, ШПОН, 1х22, DUNA, 605c, (к22)  КРМК ШПОН 1х22 DUNA 605c;КРОМКА, ШПОН, 1х22, DUNA, 605c, (к22)  КРМК ШПОН 1х22 DUNA 605c;7089_14011.104;Z_ZAG-L_L_1__Панель ~‡ ~HRZ;1;X;1;1797;194;20;Лицевая;;7089_14011;\7089_14011_104_H2_1797x194x20__L;104;14011;7089_14011;7089_14011_104_H2_1797x194x20__L;14011;0;0;0;0;;;;;Интернациональная 1, морилка 4.;1;0;2;0;К;;1
;ШпПн, 20мм, 1X, (ЦВЕТ 1), (из заготовки);  ;КРОМКА, ШПОН, 1х22, DUNA, 605c, (к22)  КРМК ШПОН 1х22 DUNA 605c;КРОМКА, ШПОН, 1х22, DUNA, 605c, (к22)  КРМК ШПОН 1х22 DUNA 605c;КРОМКА, ШПОН, 1х22, DUNA, 605c, (к22)  КРМК ШПОН 1х22 DUNA 605c;7089_14011.103;Z_ZAG-D_D_1__Панель ~‡ ~µ ~HRZ;1;X;1;1290;510;20;Лицевая;;7089_14011;\7089_14011_103_H2_1290x510x20__L;103;14011;7089_14011;7089_14011_103_H2_1290x510x20__L;14011;;0;0;0;;;;;Интернациональная 1, морилка 4.;0;четв для шпона 50х1.5, приклеить кромку||LED, 1506, паз, 15.7х6.5, заподлицо;1;1;С;1-фрезеруем паз для кромки и свенрлим, 2-вклеиваем кромку на эва,  3-  клеим кромку на торцы, 4-красим;1
;ШпПн, 20мм, 1X, (ЦВЕТ 1), (из заготовки);КРОМКА, ШПОН, 1х22, DUNA, 605c, (к22)  КРМК ШПОН 1х22 DUNA 605c;  ;  ;  ;7089_14011.102.;Z_ZAG-F_F_1__Панель ~HRZ~₰906₰;1;Y;2;1290;728;20;Лицевая;;7089_14011;\7089_14011_102._H2_1290x728x20__L;102.;14011;7089_14011;7089_14011_102._H2_1290x728x20__L;14011;0;;;;;;;;Интернациональная 1, морилка 4.;1;0;1;1;С;;1
;ШпПн, 20мм, 1X, (ЦВЕТ 1), (из заготовки);  ;КРОМКА, ШПОН, 1х22, DUNA, 605c, (к22)  КРМК ШПОН 1х22 DUNA 605c;КРОМКА, ШПОН, 1х22, DUNA, 605c, (к22)  КРМК ШПОН 1х22 DUNA 605c;КРОМКА, ШПОН, 1х22, DUNA, 605c, (к22)  КРМК ШПОН 1х22 DUNA 605c;7089_14011.101;Z_ZAG-B_B_1__Панель ~µ ~HRZ;1;X;1;2498;510;20;Лицевая;;7089_14011;\7089_14011_101_H2_2498x510x20__L;101;14011;7089_14011;7089_14011_101_H2_2498x510x20__L;14011;;0;0;0;;;;;Интернациональная 1, морилка 4.;0;четв для шпона 50х1.5, приклеить кромку||LED, паз провод, пласть 12х6;1;1;С;1-фрезеруем паз для кромки и свенрлим, 2-вклеиваем кромку на эва,  3-  клеим кромку на торцы, 4-красим;1
;ШпПн, 20мм, 1X, (ЦВЕТ 1), (из заготовки);  ;КРОМКА, ШПОН, 1х22, DUNA, 605c, (к22)  КРМК ШПОН 1х22 DUNA 605c;КРОМКА, ШПОН, 1х22, DUNA, 605c, (к22)  КРМК ШПОН 1х22 DUNA 605c;КРОМКА, ШПОН, 1х22, DUNA, 605c, (к22)  КРМК ШПОН 1х22 DUNA 605c;7089_14011.100;Z_ZAG-C_C_1__Панель ~µ ~HRZ;1;X;1;2498;510;20;Лицевая;;7089_14011;\7089_14011_100_H2_2498x510x20__L;100;14011;7089_14011;7089_14011_100_H2_2498x510x20__L;14011;;0;0;0;;;;;Интернациональная 1, морилка 4.;0;четв для шпона 50х1.5, приклеить кромку;1;1;С;1-фрезеруем паз для кромки и свенрлим, 2-вклеиваем кромку на эва,  3-  клеим кромку на торцы, 4-красим;1
;ШпПн, 20мм, 1X, (ЦВЕТ 1), (из заготовки);КРОМКА, ШПОН, 1х22, DUNA, 605c, (к22)  КРМК ШПОН 1х22 DUNA 605c;КРОМКА, ШПОН, 1х22, DUNA, 605c, (к22)  КРМК ШПОН 1х22 DUNA 605c;КРОМКА, ШПОН, 1х22, DUNA, 605c, (к22)  КРМК ШПОН 1х22 DUNA 605c;  ;7089_14011.99;Z_ZAG-H_H_1__Панель ~‡ ~HRZ;1;X;1;2704;694;20;Лицевая;;7089_14011;\7089_14011_99_H2_2704x694x20__L;99;14011;7089_14011;7089_14011_99_H2_2704x694x20__L;14011;0;0;0;;;;;;Интернациональная 1, морилка 4.;0;0;2;1;К;;1
;ШпПн, 20мм, 1X, (ЦВЕТ 1), (из заготовки);  ;  ;  ;  ;7089_14011.98;Z_ZAG-G_G_1__Панель ~HRZ;1;X;1;1730;1290;20;Лицевая;;7089_14011;\7089_14011_98_H2_1730x1290x20__L;98;14011;7089_14011;7089_14011_98_H2_1730x1290x20__L;14011;;;;;;;;;Интернациональная 1, морилка 4.;0;0;1;1;С;;0
ДСП BS 18 605_SM;ДСП, BS, 18, 605_SM, Белый;КРОМКА, ПВХ, 1х22, в цвет  ;  ;КРОМКА, ПВХ, 1х22, в цвет  ;КРОМКА, ПВХ, 1х22, в цвет  ;7089_14011.93;Вертикальная;1;Y;2;100;92;18;Лицевая;;7089_14011;\7089_14011_93_H2_100x92x18__L;93;14011;7089_14011;7089_14011_93_H2_100x92x18__L;14011;0;;0;0;;;;;;0;0;-;0;С;;1
ДСП BS 18 605_SM;ДСП, BS, 18, 605_SM, Белый;КРОМКА, ПВХ, 1х22, в цвет  ;КРОМКА, ПВХ, 1х22, в цвет  ;КРОМКА, ПВХ, 1х22, в цвет  ;  ;7089_14011.92;бок тандем ~HRZ;1;X;1;291;73;18;Лицевая;;7089_14011;\7089_14011_92_H2_291x73x18__L;92;14011;7089_14011;7089_14011_92_H2_291x73x18__L;14011;0;0;0;;;;;;;0;0;1;1;Л;;1
ДСП BS 18 605_SM;ДСП, BS, 18, 605_SM, Белый;КРОМКА, ПВХ, 1х22, в цвет  ;КРОМКА, ПВХ, 1х22, в цвет  ;  ;КРОМКА, ПВХ, 1х22, в цвет  ;7089_14011.91;бок тандем ~HRZ;1;X;1;291;73;18;Лицевая;;7089_14011;\7089_14011_91_H2_291x73x18__L;91;14011;7089_14011;7089_14011_91_H2_291x73x18__L;14011;0;0;;0;;;;;;0;0;1;1;Л;;1
ДСП BS 18 605_SM;ДСП, BS, 18, 605_SM, Белый;КРОМКА, ПВХ, 1х22, в цвет  ;КРОМКА, ПВХ, 1х22, в цвет  ;  ;  ;7089_14011.90;зад тандем ~HRZ;2;X;1;448;61;18;Лицевая;;7089_14011;\7089_14011_90_H2_448x61x18__L;90;14011;7089_14011;7089_14011_90_H2_448x61x18__L;14011;0;0;;;;;;;;0;0;2;1;С;;1
ДСП BS 18 605_SM;ДСП, BS, 18, 605_SM, Белый;КРОМКА, ПВХ, 1х22, в цвет  ;  ;КРОМКА, ПВХ, 1х22, в цвет  ;  ;7089_14011.89.;Вертикальная ~HRZ~₰907₰;1;Y;2;344;92;18;Лицевая;;7089_14011;\7089_14011_89._H2_344x92x18__L;89.;14011;7089_14011;7089_14011_89._H2_344x92x18__L;14011;0;;0;;;;;;;0;0;1;1;Л;;1
ДСП BS 18 605_SM;ДСП, BS, 18, 605_SM, Белый;КРОМКА, ПВХ, 1х22, в цвет  ;  ;  ;КРОМКА, ПВХ, 1х22, в цвет  ;7089_14011.88.;Вертикальная ~HRZ~₰907₰;1;Y;2;344;92;18;Лицевая;;7089_14011;\7089_14011_88._H2_344x92x18__L;88.;14011;7089_14011;7089_14011_88._H2_344x92x18__L;14011;0;;;0;;;;;;0;0;1;1;Л;;1
ДСП BS 18 605_SM;ДСП, BS, 18, 605_SM, Белый;КРОМКА, ПВХ, 1х22, в цвет  ;КРОМКА, ПВХ, 1х22, в цвет  ;КРОМКА, ПВХ, 1х22, в цвет  ;  ;7089_14011.87;бок тандем ~HRZ;2;X;1;491;73;18;Лицевая;;7089_14011;\7089_14011_87_H2_491x73x18__L;87;14011;7089_14011;7089_14011_87_H2_491x73x18__L;14011;0;0;0;;;;;;;0;0;1;1;С;;1
ДСП BS 18 605_SM;ДСП, BS, 18, 605_SM, Белый;КРОМКА, ПВХ, 1х22, в цвет  ;КРОМКА, ПВХ, 1х22, в цвет  ;  ;КРОМКА, ПВХ, 1х22, в цвет  ;7089_14011.86;бок тандем ~HRZ;2;X;1;491;73;18;Лицевая;;7089_14011;\7089_14011_86_H2_491x73x18__L;86;14011;7089_14011;7089_14011_86_H2_491x73x18__L;14011;0;0;;0;;;;;;0;0;1;1;С;;1
ДСП BS 18 605_SM;ДСП, BS, 18, 605_SM, Белый;ПВХ ELM 1х22 черный 755B (к3)  ELM 1х22 755B;ПВХ ELM 1х22 черный 755B (к3)  ELM 1х22 755B;КРОМКА, БУМ/ПВХ, 0.5, (приф1), близкая по цвету  ;ПВХ ELM 1х22 черный 755B (к3)  ELM 1х22 755B;7089_14011.85;БОК, ПР ~µ ~HRZ;1;X;1;414.709;101;18;Лицевая;;7089_14011;\7089_14011_85_H2_415x101x18__L;85;14011;7089_14011;7089_14011_85_H2_415x101x18__L;14011;0;0;0;0;;;;;;0;Спил 16,1;1;0;Г;;1
ДСП BS 18 605_SM;ДСП, BS, 18, 605_SM, Белый;КРОМКА, ПВХ, 1х22, в цвет  ;КРОМКА, ПВХ, 1х22, в цвет  ;  ;  ;7089_14011.84;зад тандем ~HRZ;1;X;1;710;61;18;Лицевая;;7089_14011;\7089_14011_84_H2_710x61x18__L;84;14011;7089_14011;7089_14011_84_H2_710x61x18__L;14011;0;0;;;;;;;;0;0;2;1;Л;;1
ДСП BS 18 605_SM;ДСП, BS, 18, 605_SM, Белый;КРОМКА, ПВХ, 1х22, в цвет  ;  ;  ;КРОМКА, ПВХ, 1х22, в цвет  ;7089_14011.83;Вертикальная ~HRZ;2;Y;2;526;92;18;Лицевая;;7089_14011;\7089_14011_83_H2_526x92x18__L;83;14011;7089_14011;7089_14011_83_H2_526x92x18__L;14011;0;;;0;;;;;;0;0;1;1;С;;1
ДСП BS 18 605_SM;ДСП, BS, 18, 605_SM, Белый;КРОМКА, ПВХ, 1х22, в цвет  ;  ;КРОМКА, ПВХ, 1х22, в цвет  ;  ;7089_14011.82;Вертикальная ~HRZ;2;Y;2;526;92;18;Лицевая;;7089_14011;\7089_14011_82_H2_526x92x18__L;82;14011;7089_14011;7089_14011_82_H2_526x92x18__L;14011;0;;0;;;;;;;0;0;1;1;С;;1
ДСП BS 18 605_SM;ДСП, BS, 18, 605_SM, Белый;  ;КРОМКА, ПВХ, 1х22, в цвет  ;  ;  ;7089_14011.81;зад ст;1;X;1;496.999;106;18;Лицевая;;7089_14011;\7089_14011_81_H2_497x106x18__L;81;14011;7089_14011;7089_14011_81_H2_497x106x18__L;14011;;0;;;;;;;;0;0;-;1;К;;1
ДСП BS 18 605_SM;ДСП, BS, 18, 605_SM, Белый;КРОМКА, ПВХ, 1х22, в цвет  ;КРОМКА, БУМ/ПВХ, 0.5, (приф1), близкая по цвету  ;  ;КРОМКА, ПВХ, 1х22, в цвет  ;7089_14011.80;БОК, ЛВ ~‡ ~µ ~HRZ;1;Y;2;472;149;18;Лицевая;;7089_14011;\7089_14011_80_H2_472x149x18__L;80;14011;7089_14011;7089_14011_80_H2_472x149x18__L;14011;0;0;;0;;;;;;0;Спил 16,1;1;0;Г;1-делаем спил, 2-клеим кромку;1
ДСП BS 18 605_SM;ДСП, BS, 18, 605_SM, Белый;КРОМКА, ПВХ, 1х22, в цвет  ;КРОМКА, ПВХ, 1х22, в цвет  ;  ;  ;7089_14011.79;зад тандем ~HRZ;1;X;1;332;213;18;Лицевая;;7089_14011;\7089_14011_79_H2_332x213x18__L;79;14011;7089_14011;7089_14011_79_H2_332x213x18__L;14011;0;0;;;;;;;;0;0;1;1;А;;1
ДСП BS 18 605_SM;ДСП, BS, 18, 605_SM, Белый;КРОМКА, ПВХ, 1х22, в цвет  ;КРОМКА, ПВХ, 1х22, в цвет  ;КРОМКА, ПВХ, 1х22, в цвет  ;  ;7089_14011.78;бок тандем ~HRZ;3;X;1;441;175;18;Лицевая;;7089_14011;\7089_14011_78_H2_441x175x18__L;78;14011;7089_14011;7089_14011_78_H2_441x175x18__L;14011;0;0;0;;;;;;;0;0;1;1;Д;;1
ДСП BS 18 605_SM;ДСП, BS, 18, 605_SM, Белый;КРОМКА, ПВХ, 1х22, в цвет  ;КРОМКА, ПВХ, 1х22, в цвет  ;  ;КРОМКА, ПВХ, 1х22, в цвет  ;7089_14011.77;бок тандем ~HRZ;3;X;1;441;175;18;Лицевая;;7089_14011;\7089_14011_77_H2_441x175x18__L;77;14011;7089_14011;7089_14011_77_H2_441x175x18__L;14011;0;0;;0;;;;;;0;0;1;1;Д;;1
ДСП BS 18 605_SM;ДСП, BS, 18, 605_SM, Белый;ПВХ ELM 1х22 черный 755B (к3)  ELM 1х22 755B;ПВХ ELM 1х22 черный 755B (к3)  ELM 1х22 755B;КРОМКА, БУМ/ПВХ, 0.5, (приф1), близкая по цвету  ;ПВХ ELM 1х22 черный 755B (к3)  ELM 1х22 755B;7089_14011.76;БОК, ПР ~µ ~HRZ;1;X;1;803.476;101;18;Лицевая;;7089_14011;\7089_14011_76_H2_803x101x18__L;76;14011;7089_14011;7089_14011_76_H2_803x101x18__L;14011;0;0;0;0;;;;;;0;Спил 16,1;1;0;Б;;1
ДСП BS 18 605_SM;ДСП, BS, 18, 605_SM, Белый;КРОМКА, ПВХ, 1х22, в цвет  ;  ;  ;  ;7089_14011.75.;Фронтальная ~HRZ~₰907₰;1;X;1;896;93;18;Лицевая;;7089_14011;\7089_14011_75._H2_896x93x18__L;75.;14011;7089_14011;7089_14011_75._H2_896x93x18__L;14011;0;;;;;;;;;0;0;1;1;Л;;1
ДСП BS 18 605_SM;ДСП, BS, 18, 605_SM, Белый;  ;КРОМКА, ПВХ, 1х22, в цвет  ;  ;КРОМКА, ПВХ, 1х22, в цвет  ;7089_14011.74;Вертикальная ~HRZ;1;X;1;1033;88;18;Лицевая;;7089_14011;\7089_14011_74_H2_1033x88x18__L;74;14011;7089_14011;7089_14011_74_H2_1033x88x18__L;14011;;0;;0;;;;;;0;0;1;1;К;;1
ДСП BS 18 605_SM;ДСП, BS, 18, 605_SM, Белый;  ;КРОМКА, ПВХ, 1х22, в цвет  ;КРОМКА, ПВХ, 1х22, в цвет  ;  ;7089_14011.73;Вертикальная ~HRZ;1;X;1;1033;88;18;Лицевая;;7089_14011;\7089_14011_73_H2_1033x88x18__L;73;14011;7089_14011;7089_14011_73_H2_1033x88x18__L;14011;;0;0;;;;;;;0;0;1;1;К;;1
ДСП BS 18 605_SM;ДСП, BS, 18, 605_SM, Белый;КРОМКА, ПВХ, 1х22, в цвет  ;КРОМКА, ПВХ, 1х22, в цвет  ;  ;КРОМКА, ПВХ, 1х22, в цвет  ;7089_14011.72;БОК, ЛВ;1;Y;2;469;200;18;Лицевая;;7089_14011;\7089_14011_72_H2_469x200x18__L;72;14011;7089_14011;7089_14011_72_H2_469x200x18__L;14011;0;0;;0;;;;;;0;0;1;0;Д;;1
ДСП BS 18 605_SM;ДСП, BS, 18, 605_SM, Белый;КРОМКА, ПВХ, 1х22, в цвет  ;КРОМКА, ПВХ, 1х22, в цвет  ;  ;КРОМКА, ПВХ, 1х22, в цвет  ;7089_14011.71;БОК, ЛВ;1;Y;2;469;200;18;Лицевая;;7089_14011;\7089_14011_71_H2_469x200x18__L;71;14011;7089_14011;7089_14011_71_H2_469x200x18__L;14011;0;0;;0;;;;;;0;0;1;0;Д;;1
ДСП BS 18 605_SM;ДСП, BS, 18, 605_SM, Белый;КРОМКА, ПВХ, 1х22, в цвет  ;КРОМКА, ПВХ, 1х22, в цвет  ;  ;КРОМКА, ПВХ, 1х22, в цвет  ;7089_14011.70;БОК, ЛВ;1;Y;2;469;200;18;Лицевая;;7089_14011;\7089_14011_70_H2_469x200x18__L;70;14011;7089_14011;7089_14011_70_H2_469x200x18__L;14011;0;0;;0;;;;;;0;0;1;0;Д;;1
ДСП BS 18 605_SM;ДСП, BS, 18, 605_SM, Белый;КРОМКА, ПВХ, 1х22, в цвет  ;КРОМКА, ПВХ, 1х22, в цвет  ;  ;КРОМКА, ПВХ, 1х22, в цвет  ;7089_14011.69;БОК, ЛВ;1;Y;2;469;200;18;Лицевая;;7089_14011;\7089_14011_69_H2_469x200x18__L;69;14011;7089_14011;7089_14011_69_H2_469x200x18__L;14011;0;0;;0;;;;;;0;0;1;0;Д;;1
ДСП BS 18 605_SM;ДСП, BS, 18, 605_SM, Белый;КРОМКА, ПВХ, 1х22, в цвет  ;КРОМКА, ПВХ, 1х22, в цвет  ;КРОМКА, ПВХ, 1х22, в цвет  ;КРОМКА, ПВХ, 1х22, в цвет  ;7089_14011.68;передняя панель ящика;1;Y;2;376;250;18;Лицевая;;7089_14011;\7089_14011_68_H2_376x250x18__L;68;14011;7089_14011;7089_14011_68_H2_376x250x18__L;14011;0;0;0;0;;;;;;0;0;1;0;А;;1
ДСП BS 18 605_SM;ДСП, BS, 18, 605_SM, Белый;КРОМКА, ПВХ, 1х22, в цвет  ;КРОМКА, ПВХ, 1х22, в цвет  ;  ;КРОМКА, ПВХ, 1х22, в цвет  ;7089_14011.67;БОК, ЛВ;1;Y;2;469;203;18;Лицевая;;7089_14011;\7089_14011_67_H2_469x203x18__L;67;14011;7089_14011;7089_14011_67_H2_469x203x18__L;14011;0;0;;0;;;;;;0;0;1;0;Д;;1
ДСП BS 18 605_SM;ДСП, BS, 18, 605_SM, Белый;КРОМКА, ПВХ, 1х22, в цвет  ;КРОМКА, ПВХ, 1х22, в цвет  ;  ;КРОМКА, ПВХ, 1х22, в цвет  ;7089_14011.66;БОК, ЛВ;1;Y;2;469;203;18;Лицевая;;7089_14011;\7089_14011_66_H2_469x203x18__L;66;14011;7089_14011;7089_14011_66_H2_469x203x18__L;14011;0;0;;0;;;;;;0;0;1;0;Д;;1
ДСП BS 18 605_SM;ДСП, BS, 18, 605_SM, Белый;КРОМКА, ПВХ, 1х22, в цвет  ;КРОМКА, ПВХ, 1х22, в цвет  ;  ;КРОМКА, ПВХ, 1х22, в цвет  ;7089_14011.65;бок тандем ~HRZ;1;X;1;441;225;18;Лицевая;;7089_14011;\7089_14011_65_H2_441x225x18__L;65;14011;7089_14011;7089_14011_65_H2_441x225x18__L;14011;0;0;;0;;;;;;0;0;1;1;А;;1
ДСП BS 18 605_SM;ДСП, BS, 18, 605_SM, Белый;КРОМКА, ПВХ, 1х22, в цвет  ;КРОМКА, ПВХ, 1х22, в цвет  ;КРОМКА, ПВХ, 1х22, в цвет  ;  ;7089_14011.64;бок тандем ~HRZ;1;X;1;441;225;18;Лицевая;;7089_14011;\7089_14011_64_H2_441x225x18__L;64;14011;7089_14011;7089_14011_64_H2_441x225x18__L;14011;0;0;0;;;;;;;0;0;1;1;А;;1
ДСП BS 18 605_SM;ДСП, BS, 18, 605_SM, Белый;КРОМКА, ПВХ, 1х22, в цвет  ;КРОМКА, ПВХ, 1х22, в цвет  ;  ;КРОМКА, ПВХ, 1х22, в цвет  ;7089_14011.63;БОК, ЛВ;1;Y;2;469;250;18;Лицевая;;7089_14011;\7089_14011_63_H2_469x250x18__L;63;14011;7089_14011;7089_14011_63_H2_469x250x18__L;14011;0;0;;0;;;;;;0;0;1;0;А;;1
ДСП BS 18 605_SM;ДСП, BS, 18, 605_SM, Белый;КРОМКА, ПВХ, 1х22, в цвет  ;КРОМКА, ПВХ, 1х22, в цвет  ;  ;КРОМКА, ПВХ, 1х22, в цвет  ;7089_14011.62;БОК, ЛВ;1;Y;2;469;250;18;Лицевая;;7089_14011;\7089_14011_62_H2_469x250x18__L;62;14011;7089_14011;7089_14011_62_H2_469x250x18__L;14011;0;0;;0;;;;;;0;0;1;0;А;;1
ДСП BS 18 605_SM;ДСП, BS, 18, 605_SM, Белый;КРОМКА, ПВХ, 1х22, в цвет  ;КРОМКА, ПВХ, 1х22, в цвет  ;  ;  ;7089_14011.61;зад тандем ~HRZ;3;X;1;786;163;18;Лицевая;;7089_14011;\7089_14011_61_H2_786x163x18__L;61;14011;7089_14011;7089_14011_61_H2_786x163x18__L;14011;0;0;;;;;;;;0;0;1;1;Д;;1
ДСП BS 18 605_SM;ДСП, BS, 18, 605_SM, Белый;  ;КРОМКА, ПВХ, 1х22, в цвет  ;КРОМКА, ПВХ, 1х22, в цвет  ;КРОМКА, ПВХ, 1х22, в цвет  ;7089_14011.60;Вертикальная;1;X;1;674;193;18;Лицевая;;7089_14011;\7089_14011_60_H2_674x193x18__L;60;14011;7089_14011;7089_14011_60_H2_674x193x18__L;14011;;0;0;0;;;;;;0;0;1;1;К;;1
ДСП BS 18 605_SM;ДСП, BS, 18, 605_SM, Белый;  ;КРОМКА, ПВХ, 1х22, в цвет  ;КРОМКА, ПВХ, 1х22, в цвет  ;КРОМКА, ПВХ, 1х22, в цвет  ;7089_14011.59;Вертикальная ~‡;1;X;1;674;193;18;Лицевая;;7089_14011;\7089_14011_59_H2_674x193x18__L;59;14011;7089_14011;7089_14011_59_H2_674x193x18__L;14011;;0;0;0;;;;;;0;0;2;1;К;;1
ДСП BS 18 605_SM;ДСП, BS, 18, 605_SM, Белый;КРОМКА, ПВХ, 1х22, в цвет  ;  ;КРОМКА, ПВХ, 1х22, в цвет  ;КРОМКА, ПВХ, 1х22, в цвет  ;7089_14011.58;Вертикальная;2;X;1;674;193;18;Лицевая;;7089_14011;\7089_14011_58_H2_674x193x18__L;58;14011;7089_14011;7089_14011_58_H2_674x193x18__L;14011;0;;0;0;;;;;;0;0;1;1;К;;1
ДСП BS 18 605_SM;ДСП, BS, 18, 605_SM, Белый;  ;  ;  ;  ;7089_14011.57;дно тандем;1;Y;2;422;332;18;Лицевая;;7089_14011;\7089_14011_57_H2_422x332x18__L;57;14011;7089_14011;7089_14011_57_H2_422x332x18__L;14011;;;;;;;;;;0;0;1;1;А;;0
ДСП BS 18 605_SM;ДСП, BS, 18, 605_SM, Белый;КРОМКА, ПВХ, 1х22, в цвет  ;КРОМКА, ПВХ, 1х22, в цвет  ;  ;КРОМКА, ПВХ, 1х22, в цвет  ;7089_14011.56;Вертикальная ~‡ ~HRZ;1;X;1;1100;149;18;Лицевая;;7089_14011;\7089_14011_56_H2_1100x149x18__L;56;14011;7089_14011;7089_14011_56_H2_1100x149x18__L;14011;0;0;;0;;;;;;0;0;2;0;К;;1
ДСП BS 18 605_SM;ДСП, BS, 18, 605_SM, Белый;КРОМКА, ПВХ, 1х22, в цвет  ;КРОМКА, ПВХ, 1х22, в цвет  ;КРОМКА, ПВХ, 1х22, в цвет  ;  ;7089_14011.55;Вертикальная ~‡ ~HRZ;1;X;1;1100;149;18;Лицевая;;7089_14011;\7089_14011_55_H2_1100x149x18__L;55;14011;7089_14011;7089_14011_55_H2_1100x149x18__L;14011;0;0;0;;;;;;;0;0;2;0;К;;1
ДСП BS 18 605_SM;ДСП, BS, 18, 605_SM, Белый;КРОМКА, ПВХ, 1х22, в цвет  ;КРОМКА, ПВХ, 1х22, в цвет  ;КРОМКА, ПВХ, 1х22, в цвет  ;КРОМКА, ПВХ, 1х22, в цвет  ;7089_14011.54;передняя панель ящика;3;Y;2;830;200;18;Лицевая;;7089_14011;\7089_14011_54_H2_830x200x18__L;54;14011;7089_14011;7089_14011_54_H2_830x200x18__L;14011;0;0;0;0;;;;;;0;0;1;0;Д;;1
ДСП BS 18 605_SM;ДСП, BS, 18, 605_SM, Белый;  ;КРОМКА, ПВХ, 1х22, в цвет  ;  ;  ;7089_14011.53;зад ст;1;X;1;2026;88;18;Лицевая;;7089_14011;\7089_14011_53_H2_2026x88x18__L;53;14011;7089_14011;7089_14011_53_H2_2026x88x18__L;14011;;0;;;;;;;;0;0;-;1;К;;1
ДСП BS 18 605_SM;ДСП, BS, 18, 605_SM, Белый;КРОМКА, ПВХ, 1х22, в цвет  ;КРОМКА, БУМ/ПВХ, 0.5, (приф1), близкая по цвету  ;КРОМКА, ПВХ, 1х22, в цвет  ;  ;7089_14011.52;БОК, ПР ~‡ ~µ ~HRZ;1;Y;2;472;406;18;Лицевая;;7089_14011;\7089_14011_52_H2_472x406x18__L;52;14011;7089_14011;7089_14011_52_H2_472x406x18__L;14011;0;0;0;;;;;;;0;КРМК, Клеим кромку на спил 16,1;2;0;Г;;1
ДСП BS 18 605_SM;ДСП, BS, 18, 605_SM, Белый;КРОМКА, ПВХ, 1х22, в цвет  ;КРОМКА, ПВХ, 1х22, в цвет  ;КРОМКА, ПВХ, 1х22, в цвет  ;КРОМКА, ПВХ, 1х22, в цвет  ;7089_14011.51;полка п/п;4;Y;2;461;417;18;Лицевая;;7089_14011;\7089_14011_51_H2_461x417x18__L;51;14011;7089_14011;7089_14011_51_H2_461x417x18__L;14011;0;0;0;0;;;;;;0;0;-;0;А;;1
ДСП BS 18 605_SM;ДСП, BS, 18, 605_SM, Белый;КРОМКА, ПВХ, 1х22, в цвет  ;КРОМКА, ПВХ, 1х22, в цвет  ;КРОМКА, ПВХ, 1х22, в цвет  ;КРОМКА, ПВХ, 1х22, в цвет  ;7089_14011.50;полка п/п;1;Y;2;461;417;18;Лицевая;;7089_14011;\7089_14011_50_H2_461x417x18__L;50;14011;7089_14011;7089_14011_50_H2_461x417x18__L;14011;0;0;0;0;;;;;;0;0;-;0;Б;;1
ДСП BS 18 605_SM;ДСП, BS, 18, 605_SM, Белый;КРОМКА, ПВХ, 1х22, в цвет  ;КРОМКА, БУМ/ПВХ, 0.5, (приф1), близкая по цвету  ;  ;КРОМКА, ПВХ, 1х22, в цвет  ;7089_14011.49;БОК, ЛВ ~‡ ~µ ~HRZ;1;Y;2;472;416;18;Лицевая;;7089_14011;\7089_14011_49_H2_472x416x18__L;49;14011;7089_14011;7089_14011_49_H2_472x416x18__L;14011;0;0;;0;;;;;;0;Спил 16,1;1;0;В;;1
ДСП BS 18 605_SM;ДСП, BS, 18, 605_SM, Белый;  ;  ;КРОМКА, ПВХ, 1х22, в цвет  ;  ;7089_14011.48;дно;1;Y;2;472;418;18;Лицевая;;7089_14011;\7089_14011_48_H2_472x418x18__L;48;14011;7089_14011;7089_14011_48_H2_472x418x18__L;14011;;;0;;;;;;;0;0;1;0;А;;1
ДСП BS 18 605_SM;ДСП, BS, 18, 605_SM, Белый;  ;  ;КРОМКА, ПВХ, 1х22, в цвет  ;  ;7089_14011.47;СТЯЖКА;1;Y;2;472;418;18;Лицевая;;7089_14011;\7089_14011_47_H2_472x418x18__L;47;14011;7089_14011;7089_14011_47_H2_472x418x18__L;14011;;;0;;;;;;;0;0;-;1;Б;;1
ДСП BS 18 605_SM;ДСП, BS, 18, 605_SM, Белый;  ;  ;КРОМКА, ПВХ, 1х22, в цвет  ;  ;7089_14011.46;СТЯЖКА;2;Y;2;472;418;18;Лицевая;;7089_14011;\7089_14011_46_H2_472x418x18__L;46;14011;7089_14011;7089_14011_46_H2_472x418x18__L;14011;;;0;;;;;;;0;0;-;1;А;;1
ДСП BS 18 605_SM;ДСП, BS, 18, 605_SM, Белый;  ;  ;КРОМКА, ПВХ, 1х22, в цвет  ;  ;7089_14011.45;СТЯЖКА ~‡ ~µ ~HRZ;1;Y;2;472;440.228;18;Лицевая;;7089_14011;\7089_14011_45_H2_472x440x18__L;45;14011;7089_14011;7089_14011_45_H2_472x440x18__L;14011;;;0;;;;;;;0;Спил 16,1;2;1;Б;;1
ДСП BS 18 605_SM;ДСП, BS, 18, 605_SM, Белый;КРОМКА, ПВХ, 1х22, в цвет  ;КРОМКА, ПВХ, 1х22, в цвет  ;КРОМКА, ПВХ, 1х22, в цвет  ;КРОМКА, ПВХ, 1х22, в цвет  ;7089_14011.44;БОК, ЛВ;1;X;1;2498;100;18;Лицевая;;7089_14011;\7089_14011_44_H2_2498x100x18__L;44;14011;7089_14011;7089_14011_44_H2_2498x100x18__L;14011;0;0;0;0;;;;;;0;0;1;0;А;;1
ДСП BS 18 605_SM;ДСП, BS, 18, 605_SM, Белый;ПВХ ELM 1х22 черный 755B (к3)  ELM 1х22 755B;ПВХ ELM 1х22 черный 755B (к3)  ELM 1х22 755B;ПВХ ELM 1х22 черный 755B (к3)  ELM 1х22 755B;ПВХ ELM 1х22 черный 755B (к3)  ELM 1х22 755B;7089_14011.43;БОК, ЛВ;1;X;1;2500;101;18;Лицевая;;7089_14011;\7089_14011_43_H2_2500x101x18__L;43;14011;7089_14011;7089_14011_43_H2_2500x101x18__L;14011;0;0;0;0;;;;;;0;0;1;0;А;;1
ДСП BS 18 605_SM;ДСП, BS, 18, 605_SM, Белый;ПВХ ELM 1х22 черный 755B (к3)  ELM 1х22 755B;ПВХ ELM 1х22 черный 755B (к3)  ELM 1х22 755B;ПВХ ELM 1х22 черный 755B (к3)  ELM 1х22 755B;ПВХ ELM 1х22 черный 755B (к3)  ELM 1х22 755B;7089_14011.42;БОК, ПР;1;X;1;2500;101;18;Лицевая;;7089_14011;\7089_14011_42_H2_2500x101x18__L;42;14011;7089_14011;7089_14011_42_H2_2500x101x18__L;14011;0;0;0;0;;;;;;0;0;1;0;Д;;1
ДСП BS 18 605_SM;ДСП, BS, 18, 605_SM, Белый;КРОМКА, ПВХ, 1х22, в цвет  ;КРОМКА, ПВХ, 1х22, в цвет  ;КРОМКА, ПВХ, 1х22, в цвет  ;КРОМКА, ПВХ, 1х22, в цвет  ;7089_14011.41;БОК, ПР;1;X;1;2498;100;18;Лицевая;;7089_14011;\7089_14011_41_H2_2498x100x18__L;41;14011;7089_14011;7089_14011_41_H2_2498x100x18__L;14011;0;0;0;0;;;;;;0;0;1;0;Д;;1
ДСП BS 18 605_SM;ДСП, BS, 18, 605_SM, Белый;  ;КРОМКА, ПВХ, 1х22, в цвет  ;  ;  ;7089_14011.40;БОК, ЛВ ~‡ ~µ ~HRZ;1;X;1;567.86;472;18;Лицевая;;7089_14011;\7089_14011_40_H2_568x472x18__L;40;14011;7089_14011;7089_14011_40_H2_568x472x18__L;14011;;0;;;;;;;;0;Спил 16,1;2;1;В;;1
ДСП BS 18 605_SM;ДСП, BS, 18, 605_SM, Белый;КРОМКА, ПВХ, 1х22, в цвет  ;  ;  ;КРОМКА, ПВХ, 1х22, в цвет  ;7089_14011.39;Вертикальная ~‡ ~HRZ;1;X;1;1237;235;18;Лицевая;;7089_14011;\7089_14011_39_H2_1237x235x18__L;39;14011;7089_14011;7089_14011_39_H2_1237x235x18__L;14011;0;;;0;;;;;;1;0;2;1;К;;1
ДСП BS 18 605_SM;ДСП, BS, 18, 605_SM, Белый;КРОМКА, ПВХ, 1х22, в цвет  ;КРОМКА, ПВХ, 1х22, в цвет  ;КРОМКА, ПВХ, 1х22, в цвет  ;КРОМКА, ПВХ, 1х22, в цвет  ;7089_14011.38;полка п/п;1;X;1;636.502;461;18;Лицевая;;7089_14011;\7089_14011_38_H2_637x461x18__L;38;14011;7089_14011;7089_14011_38_H2_637x461x18__L;14011;0;0;0;0;;;;;;0;0;-;0;В;;1
ДСП BS 18 605_SM;ДСП, BS, 18, 605_SM, Белый;  ;  ;  ;  ;7089_14011.37;дно тандем;3;X;1;786;422;18;Лицевая;;7089_14011;\7089_14011_37_H2_786x422x18__L;37;14011;7089_14011;7089_14011_37_H2_786x422x18__L;14011;;;;;;;;;;0;0;1;1;Д;;0
ДСП BS 18 605_SM;ДСП, BS, 18, 605_SM, Белый;КРОМКА, ПВХ, 1х22, в цвет  ;  ;КРОМКА, БУМ/ПВХ, 0.5, (приф1), близкая по цвету  ;КРОМКА, ПВХ, 1х22, в цвет  ;7089_14011.36;БОК, ПР ~µ ~HRZ;1;X;1;794;472;18;Лицевая;;7089_14011;\7089_14011_36_H2_794x472x18__L;36;14011;7089_14011;7089_14011_36_H2_794x472x18__L;14011;0;;0;0;;;;;;0;КРМК, Клеим кромку на спил 16,1;1;0;В;;1
ДСП BS 18 605_SM;ДСП, BS, 18, 605_SM, Белый;  ;КРОМКА, ПВХ, 1х22, в цвет  ;КРОМКА, БУМ/ПВХ, 0.5, (приф1), близкая по цвету  ;КРОМКА, ПВХ, 1х22, в цвет  ;7089_14011.35;БОК, ЛВ ~‡ ~µ ~HRZ;1;X;1;805;472;18;Лицевая;;7089_14011;\7089_14011_35_H2_805x472x18__L;35;14011;7089_14011;7089_14011_35_H2_805x472x18__L;14011;;0;0;0;;;;;;0;Спил 16,1;2;0;Б;;1
ДСП BS 18 605_SM;ДСП, BS, 18, 605_SM, Белый;КРОМКА, ПВХ, 1х22, в цвет  ;КРОМКА, ПВХ, 1х22, в цвет  ;КРОМКА, БУМ/ПВХ, 0.5, (приф1), близкая по цвету  ;КРОМКА, ПВХ, 1х22, в цвет  ;7089_14011.34;БОК, ПР ~µ ~HRZ;1;X;1;939.012;410;18;Лицевая;;7089_14011;\7089_14011_34_H2_939x410x18__L;34;14011;7089_14011;7089_14011_34_H2_939x410x18__L;14011;0;0;0;0;;;;;;0;Спил 16,1;1;0;Б;;1
ДСП BS 18 605_SM;ДСП, BS, 18, 605_SM, Белый;КРОМКА, ПВХ, 1х22, в цвет  ;КРОМКА, ПВХ, 1х22, в цвет  ;КРОМКА, ПВХ, 1х22, в цвет  ;КРОМКА, ПВХ, 1х22, в цвет  ;7089_14011.33;полка п/п;1;X;1;871;461;18;Лицевая;;7089_14011;\7089_14011_33_H2_871x461x18__L;33;14011;7089_14011;7089_14011_33_H2_871x461x18__L;14011;0;0;0;0;;;;;;0;0;-;0;Д;;1
ДСП BS 18 605_SM;ДСП, BS, 18, 605_SM, Белый;КРОМКА, ПВХ, 1х22, в цвет  ;  ;  ;  ;7089_14011.32;СТЯЖКА;1;X;1;872;472;18;Лицевая;;7089_14011;\7089_14011_32_H2_872x472x18__L;32;14011;7089_14011;7089_14011_32_H2_872x472x18__L;14011;0;;;;;;;;;0;0;1;1;Г;;1
ДСП BS 18 605_SM;ДСП, BS, 18, 605_SM, Белый;КРОМКА, ПВХ, 1х22, в цвет  ;  ;  ;  ;7089_14011.31;дно;1;X;1;872;472;18;Лицевая;;7089_14011;\7089_14011_31_H2_872x472x18__L;31;14011;7089_14011;7089_14011_31_H2_872x472x18__L;14011;0;;;;;;;;;0;0;1;0;Д;;1
ДСП BS 18 605_SM;ДСП, BS, 18, 605_SM, Белый;КРОМКА, ПВХ, 1х22, в цвет  ;  ;  ;  ;7089_14011.30;СТЯЖКА;3;X;1;872;472;18;Лицевая;;7089_14011;\7089_14011_30_H2_872x472x18__L;30;14011;7089_14011;7089_14011_30_H2_872x472x18__L;14011;0;;;;;;;;;0;0;-;1;Д;;1
ДСП BS 18 605_SM;ДСП, BS, 18, 605_SM, Белый;КРОМКА, ПВХ, 1х22, в цвет  ;  ;  ;  ;7089_14011.29;СТЯЖКА ~‡ ~µ ~HRZ;1;X;1;912.732;472;18;Лицевая;;7089_14011;\7089_14011_29_H2_913x472x18__L;29;14011;7089_14011;7089_14011_29_H2_913x472x18__L;14011;0;;;;;;;;;0;Спил 16,1;2;1;Г;;1
ДСП BS 18 605_SM;ДСП, BS, 18, 605_SM, Белый;КРОМКА, ПВХ, 1х22, в цвет  ;  ;КРОМКА, БУМ/ПВХ, 0.5, (приф1), близкая по цвету  ;КРОМКА, ПВХ, 1х22, в цвет  ;7089_14011.28;БОК, ПР ~µ ~HRZ;1;X;1;931;472;18;Лицевая;;7089_14011;\7089_14011_28_H2_931x472x18__L;28;14011;7089_14011;7089_14011_28_H2_931x472x18__L;14011;0;;0;0;;;;;;0;КРМК, Клеим кромку на спил 16,1;1;0;Б;;1
ДСП BS 18 605_SM;ДСП, BS, 18, 605_SM, Белый;  ;  ;КРОМКА, ПВХ, 1х22, в цвет  ;  ;7089_14011.27;Горизонтальная ~HRZ;1;Y;2;1100;496.999;18;Лицевая;;7089_14011;\7089_14011_27_H2_1100x497x18__L;27;14011;7089_14011;7089_14011_27_H2_1100x497x18__L;14011;;;0;;;;;;;1;0;1;1;К;;1
ДСП BS 18 605_SM;ДСП, BS, 18, 605_SM, Белый;КРОМКА, ПВХ, 1х22, в цвет  ;  ;  ;  ;7089_14011.26;СТЯЖКА ~HRZ;1;X;1;1293;472;18;Лицевая;;7089_14011;\7089_14011_26_H2_1293x472x18__L;26;14011;7089_14011;7089_14011_26_H2_1293x472x18__L;14011;0;;;;;;;;;0;0;1;1;В;;1
ДСП BS 18 605_SM;ДСП, BS, 18, 605_SM, Белый;КРОМКА, ПВХ, 1х22, в цвет  ;  ;  ;  ;7089_14011.25;СТЯЖКА ~‡ ~µ ~HRZ;1;X;1;1350.891;472;18;Лицевая;;7089_14011;\7089_14011_25_H2_1351x472x18__L;25;14011;7089_14011;7089_14011_25_H2_1351x472x18__L;14011;0;;;;;;;;;0;Спил 16,1;2;1;В;;1
ДСП BS 18 605_SM;ДСП, BS, 18, 605_SM, Белый;КРОМКА, ПВХ, 1х22, в цвет  ;КРОМКА, ПВХ, 1х22, в цвет  ;КРОМКА, ПВХ, 1х22, в цвет  ;КРОМКА, ПВХ, 1х22, в цвет  ;7089_14011.24;БОК, ПР;1;X;1;2498;410;18;Лицевая;;7089_14011;\7089_14011_24_H2_2498x410x18__L;24;14011;7089_14011;7089_14011_24_H2_2498x410x18__L;14011;0;0;0;0;;;;;;0;0;1;0;А;;1
ДСП BS 18 605_SM;ДСП, BS, 18, 605_SM, Белый;КРОМКА, ПВХ, 1х22, в цвет  ;  ;КРОМКА, ПВХ, 1х22, в цвет  ;КРОМКА, ПВХ, 1х22, в цвет  ;7089_14011.23;БОК, ПР ~HRZ;1;X;1;2498;472;18;Лицевая;;7089_14011;\7089_14011_23_H2_2498x472x18__L;23;14011;7089_14011;7089_14011_23_H2_2498x472x18__L;14011;0;;0;0;;;;;;0;0;1;1;А;;1
ДСП BS 18 605_SM;ДСП, BS, 18, 605_SM, Белый;  ;КРОМКА, ПВХ, 1х22, в цвет  ;КРОМКА, ПВХ, 1х22, в цвет  ;КРОМКА, ПВХ, 1х22, в цвет  ;7089_14011.22;БОК, ЛВ ~HRZ;1;X;1;2498;472;18;Лицевая;;7089_14011;\7089_14011_22_H2_2498x472x18__L;22;14011;7089_14011;7089_14011_22_H2_2498x472x18__L;14011;;0;0;0;;;;;;0;0;1;1;А;;1
ДСП BS 18 605_SM;ДСП, BS, 18, 605_SM, Белый;  ;КРОМКА, ПВХ, 1х22, в цвет  ;КРОМКА, ПВХ, 1х22, в цвет  ;КРОМКА, ПВХ, 1х22, в цвет  ;7089_14011.21;БОК, ЛВ ~HRZ;1;X;1;2498;472;18;Лицевая;;7089_14011;\7089_14011_21_H2_2498x472x18__L;21;14011;7089_14011;7089_14011_21_H2_2498x472x18__L;14011;;0;0;0;;;;;;0;0;1;1;Д;;1
ДСП BS 18 605_SM;ДСП, BS, 18, 605_SM, Белый;КРОМКА, ПВХ, 1х22, в цвет  ;  ;КРОМКА, ПВХ, 1х22, в цвет  ;КРОМКА, ПВХ, 1х22, в цвет  ;7089_14011.20;БОК, ПР ~HRZ;1;X;1;2498;472;18;Лицевая;;7089_14011;\7089_14011_20_H2_2498x472x18__L;20;14011;7089_14011;7089_14011_20_H2_2498x472x18__L;14011;0;;0;0;;;;;;0;0;1;1;Д;;1
ДСП BS 18 605_SM;ДСП, BS, 18, 605_SM, Белый;  ;КРОМКА, ПВХ, 1х22, в цвет  ;КРОМКА, ПВХ, 1х22, в цвет  ;КРОМКА, ПВХ, 1х22, в цвет  ;7089_14011.19;Горизонтальная ~‡ ~HRZ;1;X;1;2064;1033;18;Лицевая;;7089_14011;\7089_14011_19_H2_2064x1033x18__L;19;14011;7089_14011;7089_14011_19_H2_2064x1033x18__L;14011;;0;0;0;;;;;;1;0;1;1;К;;1
ДСП BS 18 605_SM;ДСП, BS, 18, 605_SM, Белый;  ;  ;  ;  ;7089_14011.18;Горизонтальная ~‡;1;X;1;2665;1220;18;Лицевая;;7089_14011;\7089_14011_18_H2_2665x1220x18__L;18;14011;7089_14011;7089_14011_18_H2_2665x1220x18__L;14011;;;;;;;;;;0;0;1;1;К;;0
MDF Egr 18 0x MB;МДФ, EGR, 18, 0x, MB, Шлиф.;  ;  ;  ;  ;7089_14011.182.;Горизонтальная ~µ~₰907₰;1;Y;2;383;100;18;Лицевая;;7089_14011;\7089_14011_182._H5_383x100x18__L;182.;14011;7089_14011;7089_14011_182._H5_383x100x18__L;14011;;;;;;;;;;1;0;1;0;Л;;0
MDF Egr 18 0x MB;МДФ, EGR, 18, 0x, MB, Шлиф.;  ;  ;  ;  ;7089_14011.181.;Горизонтальная ~µ~₰907₰;1;Y;2;383;100;18;Лицевая;;7089_14011;\7089_14011_181._H5_383x100x18__L;181.;14011;7089_14011;7089_14011_181._H5_383x100x18__L;14011;;;;;;;;;;1;0;1;0;Л;;0
MDF Egr 18 0x MB;МДФ, EGR, 18, 0x, MB, Шлиф.;  ;  ;  ;  ;7089_14011.180.;Горизонтальная ~µ~₰907₰;1;Y;2;383;100;18;Лицевая;;7089_14011;\7089_14011_180._H5_383x100x18__L;180.;14011;7089_14011;7089_14011_180._H5_383x100x18__L;14011;;;;;;;;;;1;0;1;0;Л;;0
MDF Egr 18 0x MB;МДФ, EGR, 18, 0x, MB, Шлиф.;  ;  ;  ;  ;7089_14011.179.;Горизонтальная ~µ~₰907₰;1;Y;2;383;100;18;Лицевая;;7089_14011;\7089_14011_179._H5_383x100x18__L;179.;14011;7089_14011;7089_14011_179._H5_383x100x18__L;14011;;;;;;;;;;1;0;1;0;Л;;0
MDF Egr 18 0x MB;МДФ, EGR, 18, 0x, MB, Шлиф.;  ;  ;  ;  ;7089_14011.178.;Горизонтальная ~µ~₰907₰;1;Y;2;383;100;18;Лицевая;;7089_14011;\7089_14011_178._H5_383x100x18__L;178.;14011;7089_14011;7089_14011_178._H5_383x100x18__L;14011;;;;;;;;;;1;0;1;0;Л;;0
MDF Egr 18 0x MB;МДФ, EGR, 18, 0x, MB, Шлиф.;  ;  ;  ;  ;7089_14011.177.;Горизонтальная ~µ~₰907₰;1;Y;2;383;100;18;Лицевая;;7089_14011;\7089_14011_177._H5_383x100x18__L;177.;14011;7089_14011;7089_14011_177._H5_383x100x18__L;14011;;;;;;;;;;1;0;1;0;Л;;0
MDF Egr 18 0x MB;МДФ, EGR, 18, 0x, MB, Шлиф.;  ;  ;  ;  ;7089_14011.176.;Горизонтальная ~µ~₰907₰;1;Y;2;383;100;18;Лицевая;;7089_14011;\7089_14011_176._H5_383x100x18__L;176.;14011;7089_14011;7089_14011_176._H5_383x100x18__L;14011;;;;;;;;;;1;0;1;0;Л;;0
MDF Egr 18 0x MB;МДФ, EGR, 18, 0x, MB, Шлиф.;  ;  ;  ;  ;7089_14011.175.;Горизонтальная ~µ~₰907₰;1;Y;2;383;100;18;Лицевая;;7089_14011;\7089_14011_175._H5_383x100x18__L;175.;14011;7089_14011;7089_14011_175._H5_383x100x18__L;14011;;;;;;;;;;1;0;1;0;Л;;0
MDF Egr 18 0x MB;МДФ, EGR, 18, 0x, MB, Шлиф.;  ;  ;  ;  ;7089_14011.174.;Горизонтальная ~µ~₰907₰;1;Y;2;383;100;18;Лицевая;;7089_14011;\7089_14011_174._H5_383x100x18__L;174.;14011;7089_14011;7089_14011_174._H5_383x100x18__L;14011;;;;;;;;;;1;0;1;0;Л;;0
MDF Egr 18 0x MB;МДФ, EGR, 18, 0x, MB, Шлиф.;  ;  ;  ;  ;7089_14011.173.;Горизонтальная ~µ~₰907₰;1;Y;2;383;100;18;Лицевая;;7089_14011;\7089_14011_173._H5_383x100x18__L;173.;14011;7089_14011;7089_14011_173._H5_383x100x18__L;14011;;;;;;;;;;1;0;1;0;Л;;0
MDF Egr 18 0x MB;МДФ, EGR, 18, 0x, MB, Шлиф.;  ;  ;  ;  ;7089_14011.172.;Горизонтальная ~µ~₰906₰;1;Y;2;547;100;18;Лицевая;;7089_14011;\7089_14011_172._H5_547x100x18__L;172.;14011;7089_14011;7089_14011_172._H5_547x100x18__L;14011;;;;;;;;;;1;0;1;1;С;;0
MDF Egr 18 0x MB;МДФ, EGR, 18, 0x, MB, Шлиф.;  ;  ;  ;  ;7089_14011.171.;Горизонтальная ~µ~₰906₰;1;Y;2;547;100;18;Лицевая;;7089_14011;\7089_14011_171._H5_547x100x18__L;171.;14011;7089_14011;7089_14011_171._H5_547x100x18__L;14011;;;;;;;;;;1;0;1;0;С;;0
MDF Egr 18 0x MB;МДФ, EGR, 18, 0x, MB, Шлиф.;  ;  ;  ;  ;7089_14011.170.;Горизонтальная ~µ~₰906₰;1;Y;2;547;100;18;Лицевая;;7089_14011;\7089_14011_170._H5_547x100x18__L;170.;14011;7089_14011;7089_14011_170._H5_547x100x18__L;14011;;;;;;;;;;1;0;1;1;С;;0
MDF Egr 18 0x MB;МДФ, EGR, 18, 0x, MB, Шлиф.;  ;  ;  ;  ;7089_14011.169.;Горизонтальная ~µ~₰906₰;1;Y;2;547;100;18;Лицевая;;7089_14011;\7089_14011_169._H5_547x100x18__L;169.;14011;7089_14011;7089_14011_169._H5_547x100x18__L;14011;;;;;;;;;;1;0;1;0;С;;0
MDF Egr 18 0x MB;МДФ, EGR, 18, 0x, MB, Шлиф.;  ;  ;  ;  ;7089_14011.168.;Горизонтальная ~µ~₰906₰;1;Y;2;547;100;18;Лицевая;;7089_14011;\7089_14011_168._H5_547x100x18__L;168.;14011;7089_14011;7089_14011_168._H5_547x100x18__L;14011;;;;;;;;;;1;0;1;0;С;;0
MDF Egr 18 0x MB;МДФ, EGR, 18, 0x, MB, Шлиф.;  ;  ;  ;  ;7089_14011.167.;Горизонтальная ~µ~₰906₰;1;Y;2;547;100;18;Лицевая;;7089_14011;\7089_14011_167._H5_547x100x18__L;167.;14011;7089_14011;7089_14011_167._H5_547x100x18__L;14011;;;;;;;;;;1;0;1;1;С;;0
MDF Egr 18 0x MB;МДФ, EGR, 18, 0x, MB, Шлиф.;  ;  ;  ;  ;7089_14011.166.;Горизонтальная ~µ~₰906₰;1;Y;2;547;100;18;Лицевая;;7089_14011;\7089_14011_166._H5_547x100x18__L;166.;14011;7089_14011;7089_14011_166._H5_547x100x18__L;14011;;;;;;;;;;1;0;1;0;С;;0
MDF Egr 18 0x MB;МДФ, EGR, 18, 0x, MB, Шлиф.;  ;  ;  ;  ;7089_14011.165.;Горизонтальная ~µ~₰906₰;1;Y;2;547;100;18;Лицевая;;7089_14011;\7089_14011_165._H5_547x100x18__L;165.;14011;7089_14011;7089_14011_165._H5_547x100x18__L;14011;;;;;;;;;;1;0;1;0;С;;0
MDF Egr 18 0x MB;МДФ, EGR, 18, 0x, MB, Шлиф.;  ;  ;  ;  ;7089_14011.164.;Горизонтальная ~µ~₰906₰;1;Y;2;547;100;18;Лицевая;;7089_14011;\7089_14011_164._H5_547x100x18__L;164.;14011;7089_14011;7089_14011_164._H5_547x100x18__L;14011;;;;;;;;;;1;0;1;1;С;;0
MDF Egr 18 0x MB;МДФ, EGR, 18, 0x, MB, Шлиф.;  ;  ;  ;  ;7089_14011.163.;Горизонтальная ~µ~₰906₰;1;Y;2;547;100;18;Лицевая;;7089_14011;\7089_14011_163._H5_547x100x18__L;163.;14011;7089_14011;7089_14011_163._H5_547x100x18__L;14011;;;;;;;;;;1;0;1;0;С;;0
MDF Egr 18 0x MB;МДФ, EGR, 18, 0x, MB, Шлиф.;  ;  ;  ;  ;7089_14011.162;проставка ~µ;4;X;1;1033;100;18;Лицевая;;7089_14011;\7089_14011_162_H5_1033x100x18__L;162;14011;7089_14011;7089_14011_162_H5_1033x100x18__L;14011;;;;;;;;;;0;0;1;0;К;;0
MDF Egr 18 0x MB;МДФ, EGR, 18, 0x, MB, Шлиф.;  ;  ;  ;  ;7089_14011.161.;Горизонтальная ~µ~₰907₰;1;X;1;998;383;18;Лицевая;;7089_14011;\7089_14011_161._H5_998x383x18__L;161.;14011;7089_14011;7089_14011_161._H5_998x383x18__L;14011;;;;;;;;;;1;0;1;0;Л;;0
MDF Egr 18 0x MB;МДФ, EGR, 18, 0x, MB, Шлиф.;  ;  ;  ;  ;7089_14011.160.;Горизонтальная ~µ~₰906₰;1;X;1;1288;609;18;Лицевая;;7089_14011;\7089_14011_160._H5_1288x609x18__L;160.;14011;7089_14011;7089_14011_160._H5_1288x609x18__L;14011;;;;;;;;;;1;0;1;0;С;;0
MDF Egr 18 0x MB;МДФ, EGR, 18, 0x, MB, Шлиф.;  ;  ;  ;  ;7089_14011.158.;Основа для заготовки ~µ~₰916₰;2;X;1;2695;490;18;Лицевая;;7089_14011;\7089_14011_158._H5_2695x490x18__L;158.;14011;7089_14011;7089_14011_158._H5_2695x490x18__L;14011;;;;;;;;;;0;0;-;0;;;0
MDF Egr 18 0x MB;МДФ, EGR, 18, 0x, MB, Шлиф.;  ;  ;  ;  ;7089_14011.157.;Основа для заготовки ~µ~₰914₰;1;X;1;2690;615;18;Лицевая;;7089_14011;\7089_14011_157._H5_2690x615x18__L;157.;14011;7089_14011;7089_14011_157._H5_2690x615x18__L;14011;;;;;;;;;;0;0;-;0;;;0
52;ХДФ ламинированная белая;  ;  ;  ;  ;7089_14011.230;шаблон для камня ~HRZ;1;X;1;958;343;3;Лицевая;;7089_14011;\7089_14011_230_H6_958x343x3__L;230;14011;7089_14011;7089_14011_230_H6_958x343x3__L;14011;;;;;;;;;;1;0;-;0;Л;подогнать и проверить;0
52;ХДФ ламинированная белая;  ;  ;  ;  ;7089_14011.229;задняя стенка ~HRZ;1;Y;2;906;404.086;3;Лицевая;;7089_14011;\7089_14011_229_H6_906x404x3__L;229;14011;7089_14011;7089_14011_229_H6_906x404x3__L;14011;;;;;;;;;;1;0;-;0;Г;;0
52;ХДФ ламинированная белая;  ;  ;  ;  ;7089_14011.228;задняя стенка ~HRZ;1;X;1;929.266;452;3;Лицевая;;7089_14011;\7089_14011_228_H6_929x452x3__L;228;14011;7089_14011;7089_14011_228_H6_929x452x3__L;14011;;;;;;;;;;1;0;-;0;Б;;0
52;ХДФ ламинированная белая;  ;  ;  ;  ;7089_14011.227;задняя стенка ~HRZ;1;Y;2;1327;792.852;3;Лицевая;;7089_14011;\7089_14011_227_H6_1327x793x3__L;227;14011;7089_14011;7089_14011_227_H6_1327x793x3__L;14011;;;;;;;;;;1;0;-;0;В;;0
52;ХДФ ламинированная белая;  ;  ;  ;  ;7089_14011.226;задняя стенка;1;X;1;2405;452;3;Лицевая;;7089_14011;\7089_14011_226_H6_2405x452x3__L;226;14011;7089_14011;7089_14011_226_H6_2405x452x3__L;14011;;;;;;;;;;0;0;-;0;А;;0
52;ХДФ ламинированная белая;  ;  ;  ;  ;7089_14011.225;задняя стенка;1;X;1;2405;906;3;Лицевая;;7089_14011;\7089_14011_225_H6_2405x906x3__L;225;14011;7089_14011;7089_14011_225_H6_2405x906x3__L;14011;;;;;;;;;;0;0;-;0;Д;;0
